id;name;date;link;description
1;productize;cyan adapter;Throughway Functionality;Poland Cambridgeshire
2;user-facing Legacy;hacking Buckinghamshire Dynamic;Avenue up Steel;interface auxiliary
3;lime;input;indexing HDD;Afghanistan
4;transmit Sleek RSS;Bedfordshire Awesome world-class;face Kansas;Krone composite
5;Customer New;Streamlined Visionary Pants;gold;Orchestrator
6;Switchable;up Applications Account;Stand-alone Money CSS;Dakota Checking
7;Turkmenistan orchid Brand;auxiliary;Cambridgeshire Extended Jersey;Configuration
8;override;Pound index;Cambridgeshire;Officer olive bus
9;superstructure real-time Massachusetts;Home matrix;Small Manager Developer;Research
10;invoice innovative Wooden;bluetooth Bedfordshire;Interface;Practical quantifying Carolina
